Chr,GenomicPosition,StrandGenomic,VectorName,VectorPosition,StrandVector,ReadID,Sequence,SpanGenomic,SpanVector,OverlapFusion,DistanceFusion
chr22,16279031,-,vector1,50,+,HWIv1chr22:16278531-16279031, AACTTCTTTGTCATGCCTCCATTGAACTCAAAGAGTTGAACCTTTCTTTTGATAGAGCAGCTTTGAAACACTCTTTTTGTAGAATCTGCAAGTTGACATTTGGAGAGCTTTGAGGCCTATGGTGGAAAGGTTATATCTTCATATAAAAATTAGACAGAAGAATTTTCAGAAACTTCTTTGCAATGTTTGCATTCAACTCACGGATAACAATTTCACACAGGAATTCGGATCCAAGCGAGCAAAAGCAGGT,200,50,0,0
chr22,17213981,-,vector1,50,+,HWIv1chr22:17213481-17213981, AATCCCAGCACTTCAGGAGGCTGAGGCGGGTGGATCACCTGAAGTCAGGAGTTCAAGACCAGTCTGGCCAACACGGTGAAACCCCGTCTCTATTAAAAATACAAAAAATTAGCTGGGCGTGGTGGTGTGTGCCTGTAATTCCAGCTACTCAGGAGGCTGAGGCAGGAGAATCGCTTGAACCCGGTAGGGAGAGGTTGCAGCGGATAACAATTTCACACAGGAATTCGGATCCAAGCGAGCAAAAGCAGGT,200,50,2,0
chr22,24425402,-,vector1,50,+,HWIv1chr22:24424902-24425402, ACCATGGTGGAGGGTTCTGTGGAGCACCGCGGGCCTGGGAAGCTGTTGCGGGGTCGGGGCTTCCTCACTGGCCCTGCTTTGGCCGTTCCTGGAGGCCTTGGGTGGGGCTGGGAAGGCCGGGCCCTGTGGGCAGCACCCCCCCCCCCCCCGCCCAACATCCCGGCAGATCCATGGCAGGGGCGCCTCACAGGCTGGTCCACCGGATAACAATTTCACACAGGAATTCGGATCCAAGCGAGCAAAAGCAGGT,200,50,0,0
chr22,24009863,-,vector1,50,+,HWIv1chr22:24009363-24009863, AGCCTCATAATGGGCAACCTGCTTGGGCCCCCCGCCAGCTGCAATGAGCTTTCTTCATTTGCTTATTAAACTTTTGCTTCAACCTTACCCTTTGTGTCCACACTCCCTAATTTTCTTGGTCGTGAGACAAAGAATTCTGGGTGATACCCCACAATGAGAGACTGGTACATTGTGGTGCACGGGCAAGACTGCAACAATATCGGATAACAATTTCACACAGGAATTCGGATCCAAGCGAGCAAAAGCAGGT,200,50,0,0
chr22,24408050,-,vector1,50,+,HWIv1chr22:24407550-24408050, ATTCCTGCCTCTTCTCTGTACCCTAATCCTAGACTTACTTCACTGTGGAAAGGTGCACAGGGCATTAGGAAATCTTACCTAGACAACTAAAGGAAAGCAGGCCCATCCTCCTATGATACACCTCACTTTGAATGATCCCAGAGACCAGCTGTGTGGCCTGGGTGAGTGTCTTGGCCTCTCGGAGCCTCACCCTCCTTCCACGGATAACAATTTCACACAGGAATTCGGATCCAAGCGAGCAAAAGCAGGT,200,50,0,0
chr22,24482738,-,vector1,50,+,HWIv1chr22:24482238-24482738, ATTTATATATAGCAGACTCAAACTATCTTAAACTGAATTGGAAGACTGCAGGCTTGAATTATTTAAAAGAAAAACATTTCCACTTGTCCTGCCAAGTACTTGATCAATGCTCACTTAAGTGATGTAATCATCTCCTCTCATTTTGTAAGCTCTATTCTCTCTCTTCAGGTGACTAAGCAGTCTGCAATCTTCCTTCCTTTCGGATAACAATTTCACACAGGAATTCGGATCCAAGCGAGCAAAAGCAGGT,200,50,0,0
chr22,16773384,-,vector1,50,+,HWIv1chr22:16772884-16773384, ATTTTTACTAAACTGCAGAAATTTCTCTATTGTCATAAAAATCTTTATAAAATCTTAAATGTCCAGTGAGTATATCACAGCTCAATTACTACATTAGGAAATCCAATAAGTATACAAATCAAGTGTATTCCCTTTTTTCGTGTTTTTTGTTTGTTTGTTTGTTTGTTTGTTTGTTTTTTCTGACAGAGTCACCCTCTGTCCGGATAACAATTTCACACAGGAATTCGGATCCAAGCGAGCAAAAGCAGGT,200,50,0,0
chr22,16385874,-,vector1,50,+,HWIv1chr22:16385374-16385874, CAGATTCACAATGAACTCTTGTACTTGTTTTGTTCAGAGAAGAGATGGTTCTGAGAGAATGACAGTGAACTAACCCCAGCTGGTTTAGTTGGTGCTTTCAAATGCTGCTTCTGATAAACTCCTTTAGCTAGAATAAATTGATGAGGATTTTGGCATGCGGTATTAGAGATGGTTATTAATTTTGTCCTCTTATTTGCATTCGGATAACAATTTCACACAGGAATTCGGATCCAAGCGAGCAAAAGCAGGT,200,50,0,0
chr22,16693102,-,vector1,50,+,HWIv1chr22:16692602-16693102, CAGCTATTTCAATAGTCCAGGTGAGAGATGCTGGGGACTCAGATTGAGGTGACCCTGGTGGACATGGTGTGGAGAGGTGCAACTCTCAAAGTATTTTGAAGATGGAGCTATAGTTTGTTCATGGCTTGCATGGAGGTATCAGGAAAAAGGAAGAAGAATCAAGGATGCTGGGCTTTTTGAACTGAACAACTGGAAGGTTGCGGATAACAATTTCACACAGGAATTCGGATCCAAGCGAGCAAAAGCAGGT,200,50,1,0
chr22,11629217,-,vector1,50,+,HWIv1chr22:11628717-11629217, CCCGCATGGGCCTGGTGTGAGCCCGGAGGGTATGGGGTCGGCGTGCAGCGCGCGCAGGGAAGAGGGTTCTGGGGGCTGGCCGCGATGGCGGCGGCGGTGGGGAAGCCGCGGGCCCGCCGAAGGCCAGTCGGCCGCTCCAGGTGCTGCGCGGGGCCGCCTTCGTGCTTGGAGGCCGCTGGCGGTGAGATCCCGGGCACCGCCGGATAACAATTTCACACAGGAATTCGGATCCAAGCGAGCAAAAGCAGGT,200,50,0,0
chr22,21433603,-,vector1,50,+,HWIv1chr22:21433103-21433603, CTGCAGCTGTCCCTTCTCAGGGTGGGCATAGTTGTTTTCCATTGTTGGGCCTTCATGAGTGTGCCTGCCTGTTTGGTGTGCATTACGTGTGCATTCTTGTTGGCGTATACCTTGGGTGAGTTTTTGGGCCCACAGCTAGCTAGCTAGCTTGTTGGCTTTATTTATTTAGAGACGAAGTTGGCTCTTGTCGCCCAGGCTGGCGGATAACAATTTCACACAGGAATTCGGATCCAAGCGAGCAAAAGCAGGT,200,50,1,0
chr22,22318271,-,vector1,50,+,HWIv1chr22:22317771-22318271, CTTGGTGGAACATGAAGTGGGAGCAGACATCTCTCATGGCAGGGTGGGAGCAAGAAAGAGAGTAAGGCAGGAGGTTCCACACATCTAAACAATCAGATCTTGCAAGAACTCACTCACTGTCATGAGGACAGCACCAAGCCTCGCGGAATCCGCTTCAATGACCCAACCACCTCCCACCAGGTGCCACATGCAACATTGGGCGGATAACAATTTCACACAGGAATTCGGATCCAAGCGAGCAAAAGCAGGT,200,50,1,0
chr22,22727262,-,vector1,50,+,HWIv1chr22:22726762-22727262, GAATTCTAACTGCTTCCTGTGCTTGCTGTGTGGAGACTGGATTGAAAAATAGGGCGATAGAAGCTTAAATTCATATAGAATATGGCTAGCCTGTATTTTGAGGGCCCCTGAAATAAGAATGTATAGTAGTTCTCATTATTTCCTCAAGAAATCTGTGCAGTAGAGCTTTGGCCTTGGGAGGGAAGTACTATAGTCACCAACGGATAACAATTTCACACAGGAATTCGGATCCAAGCGAGCAAAAGCAGGT,200,50,0,0
chr22,20215332,-,vector1,50,+,HWIv1chr22:20214832-20215332, GAGAGAGTAAACTGAGGCATGTGGGGCCCAGGCCCTGGGCGCAAGGCTGGAGGCCTGAGGTGGCATCCCATCAGCTGGAATCAGGATTGCCTCGATCTTTGATTCTTGAGACAGGAGGAGTGTGGCGGTGGCCCCAGCAGGATCCCTGAGATCTTACACAGGTGAGGTGGTTGCAGAAGCACTACACGGGGCTGGGGCCTCGGATAACAATTTCACACAGGAATTCGGATCCAAGCGAGCAAAAGCAGGT,200,50,0,0
chr22,18078284,-,vector1,50,+,HWIv1chr22:18077784-18078284, GCAGTTCCTGCACGTGTCGCGGGGCCGGAGAAGCTAGGGCCAGGTATTCCAGGGATGCAAGAATCCTGCAAATCTGACGTGTAAACTGCTTCCCCAGCCTCCAGGCGAGCCCAGCTTTTGCCTCAGATAGGCCCCTTCCTTTTCCTTCTCGGGGAATCGACCTCGGGAAGGGGTGTGGGCAAAGAGATGAGGACTCTCCCCGGATAACAATTTCACACAGGAATTCGGATCCAAGCGAGCAAAAGCAGGT,200,50,0,0
chr22,20951747,-,vector1,50,+,HWIv1chr22:20951247-20951747, GGTAAAGAAAAGCCTCAGCTCATAGTGAACACAGCAGACCTAGAAATGTAGCAGCAGCCTACTGAGTAGCTTTCATTTACTGATCATCTGCTGTGACTGTGGCCCTGTCTGGAGGTTCCTAGGTTTTGAGATTTAGAGCAATGCATTCTGGAGACAGAACCAGCAGAACAGCCATTTTTCAATTTTTCTTTAAATCAGTACGGATAACAATTTCACACAGGAATTCGGATCCAAGCGAGCAAAAGCAGGT,200,50,0,0
chr22,17437453,-,vector1,50,+,HWIv1chr22:17436953-17437453, TCCATCTCCTCATCCCCTGACAGAGCAATCATTTATCAAGTTGTTTCACGCGTTGTCGGGAGGGGGGCCCTGGGGACTCAGTTTGTTTCGTCCCTTTGTTGAAGCTCCACAGGATCGGCCAGCTTAGTCTCCAGCCAACTGCTGAGAGTTGCTGGACTCCAGGAGCAAATGTTAAAGGGGCCGCCTTTCATCTACTTGCTCGGATAACAATTTCACACAGGAATTCGGATCCAAGCGAGCAAAAGCAGGT,200,50,0,0
chr22,15969243,-,vector1,50,+,HWIv1chr22:15968743-15969243, TTGAAACACTCTTTTTGCATAGTCTGCAAGTGGATATTTGGTTAGCTTTGAGGATTTCGTTGGAAACGGAATATCTTAACATAAAAACTAGACAGAAACATCCTGAGAAACTTCTTTGTGATGCTTGCATTCAACTCACAGAGCTGAACATTCCCTTTCATAGAGCAGTTTTGAAACACTGTTTTTGTAGTATCTGGAAGCGGATAACAATTTCACACAGGAATTCGGATCCAAGCGAGCAAAAGCAGGT,200,50,2,0
chr22,16713546,-,vector1,50,+,HWIv1chr22:16713046-16713546, TTGGTATAATACCTTGATCATTTGATATTTTAATACAGCAAATAATAGTGATCCCCCCAAAATAATAAATAAATAAATAAATCAGTGAGTTTCAAGGAAATAAATTGTTTGATGGATCAGATAATTTGAAGTTGTTAGTTTGTTCTCTATCAAGGTGAACGAAGATGAAAACTAAAGTTCTCAAGGCCAGTGCATACATCCGGATAACAATTTCACACAGGAATTCGGATCCAAGCGAGCAAAAGCAGGT,200,50,0,0
chr22,24768459,-,vector1,50,+,HWIv1chr22:24767959-24768459, TTTTTTCTTGAGATGGAGTCTTGCTCTGTTGCCCAGGCTGGAGTGAGTGCAGTGACACAATCTCGGCTCACTGCAACCTCCACCTCCCAAGTTCAAGTGATTCTCCTGCCTCAGCCTCCCAAGTAGCTGGGATTACAGAGGACACCACCATGCCCGGCTAATTTTTGTATTTTTAGTAGGGACAGGGTTTCACCATCTTGCGGATAACAATTTCACACAGGAATTCGGATCCAAGCGAGCAAAAGCAGGT,200,50,1,0
