Chr,GenomicPosition,StrandGenomic,VectorName,VectorPosition,StrandVector,ReadID,Sequence,SpanGenomic,SpanVector,Feature1_Genomic,Feature2_Vector,IdentityPercGenomic,IdentityPercVector,OverlapFusion,DistanceFusion,SequenceCount,RefSeqID,GeneStrand,GeneName,GeneLength,DisttoTSS,Upstream,Downstream,IntronExon
chr22,11629217,-,vector1,50,+,HWIv1chr22:11628717-11629217, CCCGCATGGGCCTGGTGTGAGCCCGGAGGGTATGGGGTCGGCGTGCAGCGCGCGCAGGGAAGAGGGTTCTGGGGGCTGGCCGCGATGGCGGCGGCGGTGGGGAAGCCGCGGGCCCGCCGAAGGCCAGTCGGCCGCTCCAGGTGCTGCGCGGGGCCGCCTTCGTGCTTGGAGGCCGCTGGCGGTGAGATCCCGGGCACCGCCGGATAACAATTTCACACAGGAATTCGGATCCAAGCGAGCAAAAGCAGGT,200,50,UniqueHit,UniqueHit,100,100,0,0,1,NR_110761,+,LOC102723769,59129, ,268189, ,
chr22,15969243,-,vector1,50,+,HWIv1chr22:15968743-15969243, TTGAAACACTCTTTTTGCATAGTCTGCAAGTGGATATTTGGTTAGCTTTGAGGATTTCGTTGGAAACGGAATATCTTAACATAAAAACTAGACAGAAACATCCTGAGAAACTTCTTTGTGATGCTTGCATTCAACTCACAGAGCTGAACATTCCCTTTCATAGAGCAGTTTTGAAACACTGTTTTTGTAGTATCTGGAAGCGGATAACAATTTCACACAGGAATTCGGATCCAAGCGAGCAAAAGCAGGT,200,50,UniqueHit,UniqueHit,100,100,2,0,1,NR_122113,+,DUXAP8,42481, , ,141809,
chr22,16279031,-,vector1,50,+,HWIv1chr22:16278531-16279031, AACTTCTTTGTCATGCCTCCATTGAACTCAAAGAGTTGAACCTTTCTTTTGATAGAGCAGCTTTGAAACACTCTTTTTGTAGAATCTGCAAGTTGACATTTGGAGAGCTTTGAGGCCTATGGTGGAAAGGTTATATCTTCATATAAAAATTAGACAGAAGAATTTTCAGAAACTTCTTTGCAATGTTTGCATTCAACTCACGGATAACAATTTCACACAGGAATTCGGATCCAAGCGAGCAAAAGCAGGT,200,50,UniqueHit,UniqueHit,100,100,0,0,1,NM_014406,-,CCT8L2,2053, , ,311727,
chr22,16385874,-,vector1,50,+,HWIv1chr22:16385374-16385874, CAGATTCACAATGAACTCTTGTACTTGTTTTGTTCAGAGAAGAGATGGTTCTGAGAGAATGACAGTGAACTAACCCCAGCTGGTTTAGTTGGTGCTTTCAAATGCTGCTTCTGATAAACTCCTTTAGCTAGAATAAATTGATGAGGATTTTGGCATGCGGTATTAGAGATGGTTATTAATTTTGTCCTCTTATTTGCATTCGGATAACAATTTCACACAGGAATTCGGATCCAAGCGAGCAAAAGCAGGT,200,50,UniqueHit,UniqueHit,100,100,0,0,1,NM_014406,-,CCT8L2,2053, , ,204884,
chr22,16693102,-,vector1,50,+,HWIv1chr22:16692602-16693102, CAGCTATTTCAATAGTCCAGGTGAGAGATGCTGGGGACTCAGATTGAGGTGACCCTGGTGGACATGGTGTGGAGAGGTGCAACTCTCAAAGTATTTTGAAGATGGAGCTATAGTTTGTTCATGGCTTGCATGGAGGTATCAGGAAAAAGGAAGAAGAATCAAGGATGCTGGGCTTTTTGAACTGAACAACTGGAAGGTTGCGGATAACAATTTCACACAGGAATTCGGATCCAAGCGAGCAAAAGCAGGT,200,50,UniqueHit,UniqueHit,100,100,1,0,1,NR_040115,-,ANKRD62P1-PARP4P3,21832, ,17562, ,
chr22,16713546,-,vector1,50,+,HWIv1chr22:16713046-16713546, TTGGTATAATACCTTGATCATTTGATATTTTAATACAGCAAATAATAGTGATCCCCCCAAAATAATAAATAAATAAATAAATCAGTGAGTTTCAAGGAAATAAATTGTTTGATGGATCAGATAATTTGAAGTTGTTAGTTTGTTCTCTATCAAGGTGAACGAAGATGAAAACTAAAGTTCTCAAGGCCAGTGCATACATCCGGATAACAATTTCACACAGGAATTCGGATCCAAGCGAGCAAAAGCAGGT,200,50,UniqueHit,UniqueHit,100,100,0,0,1,NR_040115,-,ANKRD62P1-PARP4P3,21832, ,38006, ,
chr22,16773384,-,vector1,50,+,HWIv1chr22:16772884-16773384, ATTTTTACTAAACTGCAGAAATTTCTCTATTGTCATAAAAATCTTTATAAAATCTTAAATGTCCAGTGAGTATATCACAGCTCAATTACTACATTAGGAAATCCAATAAGTATACAAATCAAGTGTATTCCCTTTTTTCGTGTTTTTTGTTTGTTTGTTTGTTTGTTTGTTTGTTTTTTCTGACAGAGTCACCCTCTGTCCGGATAACAATTTCACACAGGAATTCGGATCCAAGCGAGCAAAAGCAGGT,200,50,UniqueHit,UniqueHit,100,100,0,0,1,NM_175878,-,XKR3,38279, , ,10032,
chr22,17213981,-,vector1,50,+,HWIv1chr22:17213481-17213981, AATCCCAGCACTTCAGGAGGCTGAGGCGGGTGGATCACCTGAAGTCAGGAGTTCAAGACCAGTCTGGCCAACACGGTGAAACCCCGTCTCTATTAAAAATACAAAAAATTAGCTGGGCGTGGTGGTGTGTGCCTGTAATTCCAGCTACTCAGGAGGCTGAGGCAGGAGAATCGCTTGAACCCGGTAGGGAGAGGTTGCAGCGGATAACAATTTCACACAGGAATTCGGATCCAAGCGAGCAAAAGCAGGT,200,50,UniqueHit,UniqueHit,100,100,2,0,1,NM_001282229,-,CECR1,40796,5604, , ,Intron1
chr22,17437453,-,vector1,50,+,HWIv1chr22:17436953-17437453, TCCATCTCCTCATCCCCTGACAGAGCAATCATTTATCAAGTTGTTTCACGCGTTGTCGGGAGGGGGGCCCTGGGGACTCAGTTTGTTTCGTCCCTTTGTTGAAGCTCCACAGGATCGGCCAGCTTAGTCTCCAGCCAACTGCTGAGAGTTGCTGGACTCCAGGAGCAAATGTTAAAGGGGCCGCCTTTCATCTACTTGCTCGGATAACAATTTCACACAGGAATTCGGATCCAAGCGAGCAAAAGCAGGT,200,50,UniqueHit,UniqueHit,100,100,0,0,1,NM_001290047,+,CECR2,188790,68087, , ,Intron1
chr22,18078284,-,vector1,50,+,HWIv1chr22:18077784-18078284, GCAGTTCCTGCACGTGTCGCGGGGCCGGAGAAGCTAGGGCCAGGTATTCCAGGGATGCAAGAATCCTGCAAATCTGACGTGTAAACTGCTTCCCCAGCCTCCAGGCGAGCCCAGCTTTTGCCTCAGATAGGCCCCTTCCTTTTCCTTCTCGGGGAATCGACCTCGGGAAGGGGTGTGGGCAAAGAGATGAGGACTCTCCCCGGATAACAATTTCACACAGGAATTCGGATCCAAGCGAGCAAAAGCAGGT,200,50,UniqueHit,UniqueHit,100,100,0,0,1,NM_001199319,+,PEX26,13112,364, , ,Intron1
chr22,20215332,-,vector1,50,+,HWIv1chr22:20214832-20215332, GAGAGAGTAAACTGAGGCATGTGGGGCCCAGGCCCTGGGCGCAAGGCTGGAGGCCTGAGGTGGCATCCCATCAGCTGGAATCAGGATTGCCTCGATCTTTGATTCTTGAGACAGGAGGAGTGTGGCGGTGGCCCCAGCAGGATCCCTGAGATCTTACACAGGTGAGGTGGTTGCAGAAGCACTACACGGGGCTGGGGCCTCGGATAACAATTTCACACAGGAATTCGGATCCAAGCGAGCAAAAGCAGGT,200,50,UniqueHit,UniqueHit,100,100,0,0,1,NR_026919,+,LINC00896,2206, , ,6795,
chr22,20951747,-,vector1,50,+,HWIv1chr22:20951247-20951747, GGTAAAGAAAAGCCTCAGCTCATAGTGAACACAGCAGACCTAGAAATGTAGCAGCAGCCTACTGAGTAGCTTTCATTTACTGATCATCTGCTGTGACTGTGGCCCTGTCTGGAGGTTCCTAGGTTTTGAGATTTAGAGCAATGCATTCTGGAGACAGAACCAGCAGAACAGCCATTTTTCAATTTTTCTTTAAATCAGTACGGATAACAATTTCACACAGGAATTCGGATCCAAGCGAGCAAAAGCAGGT,200,50,UniqueHit,UniqueHit,100,100,0,0,1,NM_005207,+,CRKL,36324,34321, , ,Exon3
chr22,21433603,-,vector1,50,+,HWIv1chr22:21433103-21433603, CTGCAGCTGTCCCTTCTCAGGGTGGGCATAGTTGTTTTCCATTGTTGGGCCTTCATGAGTGTGCCTGCCTGTTTGGTGTGCATTACGTGTGCATTCTTGTTGGCGTATACCTTGGGTGAGTTTTTGGGCCCACAGCTAGCTAGCTAGCTTGTTGGCTTTATTTATTTAGAGACGAAGTTGGCTCTTGTCGCCCAGGCTGGCGGATAACAATTTCACACAGGAATTCGGATCCAAGCGAGCAAAAGCAGGT,200,50,UniqueHit,UniqueHit,100,100,1,0,1,NM_015094,+,HIC2,34058,16199, , ,Intron1
chr22,22318271,-,vector1,50,+,HWIv1chr22:22317771-22318271, CTTGGTGGAACATGAAGTGGGAGCAGACATCTCTCATGGCAGGGTGGGAGCAAGAAAGAGAGTAAGGCAGGAGGTTCCACACATCTAAACAATCAGATCTTGCAAGAACTCACTCACTGTCATGAGGACAGCACCAAGCCTCGCGGAATCCGCTTCAATGACCCAACCACCTCCCACCAGGTGCCACATGCAACATTGGGCGGATAACAATTTCACACAGGAATTCGGATCCAAGCGAGCAAAAGCAGGT,200,50,UniqueHit,UniqueHit,100,100,1,0,1,NR_027293,+,BMS1P20,24871,20173, , ,Intron8
chr22,22727262,-,vector1,50,+,HWIv1chr22:22726762-22727262, GAATTCTAACTGCTTCCTGTGCTTGCTGTGTGGAGACTGGATTGAAAAATAGGGCGATAGAAGCTTAAATTCATATAGAATATGGCTAGCCTGTATTTTGAGGGCCCCTGAAATAAGAATGTATAGTAGTTCTCATTATTTCCTCAAGAAATCTGTGCAGTAGAGCTTTGGCCTTGGGAGGGAAGTACTATAGTCACCAACGGATAACAATTTCACACAGGAATTCGGATCCAAGCGAGCAAAAGCAGGT,200,50,UniqueHit,UniqueHit,100,100,0,0,1,NM_001282879,+,GGTLC2,3279, , ,79364,
chr22,24009863,-,vector1,50,+,HWIv1chr22:24009363-24009863, AGCCTCATAATGGGCAACCTGCTTGGGCCCCCCGCCAGCTGCAATGAGCTTTCTTCATTTGCTTATTAAACTTTTGCTTCAACCTTACCCTTTGTGTCCACACTCCCTAATTTTCTTGGTCGTGAGACAAAGAATTCTGGGTGATACCCCACAATGAGAGACTGGTACATTGTGGTGCACGGGCAAGACTGCAACAATATCGGATAACAATTTCACACAGGAATTCGGATCCAAGCGAGCAAAAGCAGGT,200,50,UniqueHit,UniqueHit,100,100,0,0,1,NM_001201429,+,CABIN1,167314, ,1452, ,
chr22,24408050,-,vector1,50,+,HWIv1chr22:24407550-24408050, ATTCCTGCCTCTTCTCTGTACCCTAATCCTAGACTTACTTCACTGTGGAAAGGTGCACAGGGCATTAGGAAATCTTACCTAGACAACTAAAGGAAAGCAGGCCCATCCTCCTATGATACACCTCACTTTGAATGATCCCAGAGACCAGCTGTGTGGCCTGGGTGAGTGTCTTGGCCTCTCGGAGCCTCACCCTCCTTCCACGGATAACAATTTCACACAGGAATTCGGATCCAAGCGAGCAAAAGCAGGT,200,50,UniqueHit,UniqueHit,100,100,0,0,1,NM_015330,+,SPECC1L,146924,137233, , ,Intron14
chr22,24425402,-,vector1,50,+,HWIv1chr22:24424902-24425402, ACCATGGTGGAGGGTTCTGTGGAGCACCGCGGGCCTGGGAAGCTGTTGCGGGGTCGGGGCTTCCTCACTGGCCCTGCTTTGGCCGTTCCTGGAGGCCTTGGGTGGGGCTGGGAAGGCCGGGCCCTGTGGGCAGCACCCCCCCCCCCCCCGCCCAACATCCCGGCAGATCCATGGCAGGGGCGCCTCACAGGCTGGTCCACCGGATAACAATTTCACACAGGAATTCGGATCCAAGCGAGCAAAAGCAGGT,200,50,UniqueHit,UniqueHit,100,100,0,0,1,NR_103546,+,SPECC1L-ADORA2A,171544,154585, , ,Intron18
chr22,24482738,-,vector1,50,+,HWIv1chr22:24482238-24482738, ATTTATATATAGCAGACTCAAACTATCTTAAACTGAATTGGAAGACTGCAGGCTTGAATTATTTAAAAGAAAAACATTTCCACTTGTCCTGCCAAGTACTTGATCAATGCTCACTTAAGTGATGTAATCATCTCCTCTCATTTTGTAAGCTCTATTCTCTCTCTTCAGGTGACTAAGCAGTCTGCAATCTTCCTTCCTTTCGGATAACAATTTCACACAGGAATTCGGATCCAAGCGAGCAAAAGCAGGT,200,50,UniqueHit,UniqueHit,100,100,0,0,1,NR_028483,-,ADORA2A-AS1,56539,12077, , ,Intron1
chr22,24768459,-,vector1,50,+,HWIv1chr22:24767959-24768459, TTTTTTCTTGAGATGGAGTCTTGCTCTGTTGCCCAGGCTGGAGTGAGTGCAGTGACACAATCTCGGCTCACTGCAACCTCCACCTCCCAAGTTCAAGTGATTCTCCTGCCTCAGCCTCCCAAGTAGCTGGGATTACAGAGGACACCACCATGCCCGGCTAATTTTTGTATTTTTAGTAGGGACAGGGTTTCACCATCTTGCGGATAACAATTTCACACAGGAATTCGGATCCAAGCGAGCAAAAGCAGGT,200,50,UniqueHit,UniqueHit,100,100,1,0,1,NR_045649,-,PIWIL3,55687,6261, , ,Intron1
